geoAreaName,year,RLI
Monaco,1993,0.75571
Montenegro,1993,0.87523
Netherlands,1993,0.97722
North Macedonia,1993,0.97111
Norway,1993,0.9606
Poland,1993,0.9458
Portugal,1993,0.8788
Republic of Moldova,1993,0.94136
Romania,1993,0.86656
Russian Federation,1993,0.96033
San Marino,1993,0.98593
Serbia,1993,0.95357
Slovakia,1993,0.95369
Slovenia,1993,0.93401
Spain,1993,0.84917
Svalbard and Jan Mayen Islands,1993,0.88814
Sweden,1993,0.99437
Switzerland,1993,0.97413
Ukraine,1993,0.93264
United Kingdom of Great Britain and Northern Ireland,1993,0.96885
Åland Islands,1993,0.9949
Albania,1993,0.90815
Andorra,1993,0.916
Austria,1993,0.89611
Belarus,1993,0.93952
Belgium,1993,0.98294
Bosnia and Herzegovina,1993,0.90098
Bulgaria,1993,0.93913
Croatia,1993,0.90109
Czechia,1993,0.96996
Denmark,1993,0.97983
Estonia,1993,0.98912
Faroe Islands,1993,0.87803
Finland,1993,0.9929
France,1993,0.92972
Germany,1993,0.9838
Gibraltar,1993,0.95732
Greece,1993,0.84358
Holy See,1993,0.93486
Hungary,1993,0.86592
Iceland,1993,0.8789
Ireland,1993,0.92366
Italy,1993,0.90956
Latvia,1993,0.99017
Liechtenstein,1993,0.99255
Lithuania,1993,0.99043
Luxembourg,1993,0.98459
Malta,1993,0.90098
Monaco,1994,0.75554
Montenegro,1994,0.87243
Netherlands,1994,0.97691
North Macedonia,1994,0.9711
Norway,1994,0.96027
Poland,1994,0.94629
Portugal,1994,0.87846
Republic of Moldova,1994,0.94153
Romania,1994,0.86646
Russian Federation,1994,0.96
San Marino,1994,0.98592
Serbia,1994,0.95329
Slovakia,1994,0.95351
Slovenia,1994,0.9336
Spain,1994,0.84985
Svalbard and Jan Mayen Islands,1994,0.88846
Sweden,1994,0.99435
Switzerland,1994,0.97403
Ukraine,1994,0.93275
United Kingdom of Great Britain and Northern Ireland,1994,0.96833
Åland Islands,1994,0.9949
Albania,1994,0.90555
Andorra,1994,0.91589
Austria,1994,0.89607
Belarus,1994,0.9406
Belgium,1994,0.98296
Bosnia and Herzegovina,1994,0.90075
Bulgaria,1994,0.93902
Croatia,1994,0.9007
Czechia,1994,0.96993
Denmark,1994,0.97956
Estonia,1994,0.98912
Faroe Islands,1994,0.8789
Finland,1994,0.9929
France,1994,0.92953
Germany,1994,0.98372
Gibraltar,1994,0.95648
Greece,1994,0.84297
Holy See,1994,0.93486
Hungary,1994,0.86571
Iceland,1994,0.87897
Ireland,1994,0.92357
Italy,1994,0.90897
Latvia,1994,0.99017
Liechtenstein,1994,0.99256
Lithuania,1994,0.99043
Luxembourg,1994,0.98459
Malta,1994,0.89961
Monaco,1995,0.75536
Montenegro,1995,0.86927
Netherlands,1995,0.97611
North Macedonia,1995,0.9709
Norway,1995,0.95973
Poland,1995,0.94714
Portugal,1995,0.87799
Republic of Moldova,1995,0.94148
Romania,1995,0.86602
Russian Federation,1995,0.95956
San Marino,1995,0.98571
Serbia,1995,0.95292
Slovakia,1995,0.95321
Slovenia,1995,0.93319
Spain,1995,0.8499
Svalbard and Jan Mayen Islands,1995,0.88847
Sweden,1995,0.99417
Switzerland,1995,0.97386
Ukraine,1995,0.9327
United Kingdom of Great Britain and Northern Ireland,1995,0.96791
Åland Islands,1995,0.99457
Albania,1995,0.90263
Andorra,1995,0.91559
Austria,1995,0.89586
Belarus,1995,0.94195
Belgium,1995,0.98279
Bosnia and Herzegovina,1995,0.90057
Bulgaria,1995,0.93872
Croatia,1995,0.90027
Czechia,1995,0.96978
Denmark,1995,0.97914
Estonia,1995,0.98875
Faroe Islands,1995,0.87943
Finland,1995,0.99259
France,1995,0.92875
Germany,1995,0.98353
Gibraltar,1995,0.95567
Greece,1995,0.8422
Holy See,1995,0.93465
Hungary,1995,0.86534
Iceland,1995,0.87861
Ireland,1995,0.92287
Italy,1995,0.90827
Latvia,1995,0.99
Liechtenstein,1995,0.9923
Lithuania,1995,0.99016
Luxembourg,1995,0.98448
Malta,1995,0.89738
Monaco,1996,0.75521
Montenegro,1996,0.86665
Netherlands,1996,0.97501
North Macedonia,1996,0.97071
Norway,1996,0.95919
Poland,1996,0.94781
Portugal,1996,0.87711
Republic of Moldova,1996,0.94147
Romania,1996,0.86539
Russian Federation,1996,0.95903
San Marino,1996,0.98548
Serbia,1996,0.95259
Slovakia,1996,0.95293
Slovenia,1996,0.93277
Spain,1996,0.84992
Svalbard and Jan Mayen Islands,1996,0.88779
Sweden,1996,0.99397
Switzerland,1996,0.97362
Ukraine,1996,0.93258
United Kingdom of Great Britain and Northern Ireland,1996,0.96729
Åland Islands,1996,0.99424
Albania,1996,0.8999
Andorra,1996,0.91528
Austria,1996,0.89559
Belarus,1996,0.94252
Belgium,1996,0.98258
Bosnia and Herzegovina,1996,0.90027
Bulgaria,1996,0.93821
Croatia,1996,0.89959
Czechia,1996,0.96962
Denmark,1996,0.97865
Estonia,1996,0.98838
Faroe Islands,1996,0.87828
Finland,1996,0.99229
France,1996,0.92784
Germany,1996,0.98316
Gibraltar,1996,0.9548
Greece,1996,0.84147
Holy See,1996,0.93443
Hungary,1996,0.86495
Iceland,1996,0.87855
Ireland,1996,0.9228
Italy,1996,0.90732
Latvia,1996,0.98982
Liechtenstein,1996,0.99197
Lithuania,1996,0.9899
Luxembourg,1996,0.98422
Malta,1996,0.89389
Monaco,1997,0.75505
Montenegro,1997,0.86358
Netherlands,1997,0.97329
North Macedonia,1997,0.97051
Norway,1997,0.95874
Poland,1997,0.94854
Portugal,1997,0.87644
Republic of Moldova,1997,0.9414
Romania,1997,0.86492
Russian Federation,1997,0.95854
San Marino,1997,0.98525
Serbia,1997,0.95192
Slovakia,1997,0.95247
Slovenia,1997,0.93225
Spain,1997,0.84977
Svalbard and Jan Mayen Islands,1997,0.8879
Sweden,1997,0.99376
Switzerland,1997,0.97341
Ukraine,1997,0.93248
United Kingdom of Great Britain and Northern Ireland,1997,0.96683
Åland Islands,1997,0.99391
Albania,1997,0.89686
Andorra,1997,0.91486
Austria,1997,0.89531
Belarus,1997,0.94362
Belgium,1997,0.98231
Bosnia and Herzegovina,1997,0.89992
Bulgaria,1997,0.9375
Croatia,1997,0.89902
Czechia,1997,0.96945
Denmark,1997,0.97805
Estonia,1997,0.98801
Faroe Islands,1997,0.87905
Finland,1997,0.99198
France,1997,0.92518
Germany,1997,0.9828
Gibraltar,1997,0.95393
Greece,1997,0.84052
Holy See,1997,0.93422
Hungary,1997,0.86454
Iceland,1997,0.87758
Ireland,1997,0.9216
Italy,1997,0.9064
Latvia,1997,0.98965
Liechtenstein,1997,0.99167
Lithuania,1997,0.98964
Luxembourg,1997,0.98406
Malta,1997,0.89091
Monaco,1998,0.75494
Montenegro,1998,0.8608
Netherlands,1998,0.97172
North Macedonia,1998,0.97014
Norway,1998,0.95807
Poland,1998,0.94895
Portugal,1998,0.8756
Republic of Moldova,1998,0.94138
Romania,1998,0.86442
Russian Federation,1998,0.9579
San Marino,1998,0.98501
Serbia,1998,0.95155
Slovakia,1998,0.95221
Slovenia,1998,0.93184
Spain,1998,0.84954
Svalbard and Jan Mayen Islands,1998,0.88686
Sweden,1998,0.99355
Switzerland,1998,0.97313
Ukraine,1998,0.93223
United Kingdom of Great Britain and Northern Ireland,1998,0.96641
Åland Islands,1998,0.99358
Albania,1998,0.89426
Andorra,1998,0.91455
Austria,1998,0.89503
Belarus,1998,0.94458
Belgium,1998,0.98211
Bosnia and Herzegovina,1998,0.8997
Bulgaria,1998,0.93709
Croatia,1998,0.89832
Czechia,1998,0.96923
Denmark,1998,0.97766
Estonia,1998,0.98764
Faroe Islands,1998,0.87788
Finland,1998,0.99168
France,1998,0.92245
Germany,1998,0.98244
Gibraltar,1998,0.95302
Greece,1998,0.83981
Holy See,1998,0.93401
Hungary,1998,0.86409
Iceland,1998,0.87564
Ireland,1998,0.92106
Italy,1998,0.90554
Latvia,1998,0.98948
Liechtenstein,1998,0.99136
Lithuania,1998,0.98938
Luxembourg,1998,0.98383
Malta,1998,0.88752
Monaco,1999,0.7549
Montenegro,1999,0.85841
Netherlands,1999,0.96987
North Macedonia,1999,0.96994
Norway,1999,0.95756
Poland,1999,0.94968
Portugal,1999,0.87475
Republic of Moldova,1999,0.94137
Romania,1999,0.86401
Russian Federation,1999,0.95724
San Marino,1999,0.98478
Serbia,1999,0.95134
Slovakia,1999,0.95171
Slovenia,1999,0.93155
Spain,1999,0.84943
Svalbard and Jan Mayen Islands,1999,0.88573
Sweden,1999,0.99335
Switzerland,1999,0.97291
Ukraine,1999,0.93222
United Kingdom of Great Britain and Northern Ireland,1999,0.96577
Åland Islands,1999,0.99325
Albania,1999,0.8914
Andorra,1999,0.91425
Austria,1999,0.89476
Belarus,1999,0.94568
Belgium,1999,0.98181
Bosnia and Herzegovina,1999,0.89959
Bulgaria,1999,0.93667
Croatia,1999,0.89771
Czechia,1999,0.96902
Denmark,1999,0.977
Estonia,1999,0.98728
Faroe Islands,1999,0.87724
Finland,1999,0.99137
France,1999,0.91955
Germany,1999,0.98206
Gibraltar,1999,0.95238
Greece,1999,0.83951
Holy See,1999,0.9338
Hungary,1999,0.86369
Iceland,1999,0.87286
Ireland,1999,0.9199
Italy,1999,0.90473
Latvia,1999,0.9893
Liechtenstein,1999,0.99105
Lithuania,1999,0.98912
Luxembourg,1999,0.98361
Malta,1999,0.88415
Monaco,2000,0.7549
Montenegro,2000,0.85509
Netherlands,2000,0.96819
North Macedonia,2000,0.96977
Norway,2000,0.95701
Poland,2000,0.95039
Portugal,2000,0.87408
Republic of Moldova,2000,0.94137
Romania,2000,0.86393
Russian Federation,2000,0.95695
San Marino,2000,0.98453
Serbia,2000,0.95052
Slovakia,2000,0.9516
Slovenia,2000,0.9313
Spain,2000,0.84925
Svalbard and Jan Mayen Islands,2000,0.88458
Sweden,2000,0.99314
Switzerland,2000,0.97274
Ukraine,2000,0.93222
United Kingdom of Great Britain and Northern Ireland,2000,0.9651
Åland Islands,2000,0.99292
Albania,2000,0.88874
Andorra,2000,0.91388
Austria,2000,0.89448
Belarus,2000,0.94678
Belgium,2000,0.98171
Bosnia and Herzegovina,2000,0.89941
Bulgaria,2000,0.9364
Croatia,2000,0.89729
Czechia,2000,0.96891
Denmark,2000,0.97654
Estonia,2000,0.98691
Faroe Islands,2000,0.87556
Finland,2000,0.99107
France,2000,0.91536
Germany,2000,0.98177
Gibraltar,2000,0.95173
Greece,2000,0.83948
Holy See,2000,0.93358
Hungary,2000,0.86356
Iceland,2000,0.873
Ireland,2000,0.91928
Italy,2000,0.90417
Latvia,2000,0.98913
Liechtenstein,2000,0.99074
Lithuania,2000,0.98885
Luxembourg,2000,0.98349
Malta,2000,0.88013
Monaco,2001,0.75498
Montenegro,2001,0.85244
Netherlands,2001,0.96646
North Macedonia,2001,0.96961
Norway,2001,0.95648
Poland,2001,0.95182
Portugal,2001,0.87332
Republic of Moldova,2001,0.94138
Romania,2001,0.86385
Russian Federation,2001,0.95655
San Marino,2001,0.98451
Serbia,2001,0.95015
Slovakia,2001,0.95145
Slovenia,2001,0.93097
Spain,2001,0.84913
Svalbard and Jan Mayen Islands,2001,0.88254
Sweden,2001,0.99312
Switzerland,2001,0.97268
Ukraine,2001,0.93224
United Kingdom of Great Britain and Northern Ireland,2001,0.96456
Åland Islands,2001,0.99292
Albania,2001,0.88604
Andorra,2001,0.91337
Austria,2001,0.89447
Belarus,2001,0.94802
Belgium,2001,0.98165
Bosnia and Herzegovina,2001,0.89931
Bulgaria,2001,0.93613
Croatia,2001,0.89694
Czechia,2001,0.9689
Denmark,2001,0.97624
Estonia,2001,0.98682
Faroe Islands,2001,0.87537
Finland,2001,0.99104
France,2001,0.91299
Germany,2001,0.98166
Gibraltar,2001,0.95138
Greece,2001,0.8395
Holy See,2001,0.93354
Hungary,2001,0.86349
Iceland,2001,0.87214
Ireland,2001,0.91867
Italy,2001,0.90363
Latvia,2001,0.98909
Liechtenstein,2001,0.99071
Lithuania,2001,0.98881
Luxembourg,2001,0.98349
Malta,2001,0.878
Monaco,2002,0.75538
Montenegro,2002,0.84966
Netherlands,2002,0.96493
North Macedonia,2002,0.96944
Norway,2002,0.95594
Poland,2002,0.95252
Portugal,2002,0.87238
Republic of Moldova,2002,0.94138
Romania,2002,0.86378
Russian Federation,2002,0.95616
San Marino,2002,0.98447
Serbia,2002,0.9493
Slovakia,2002,0.95136
Slovenia,2002,0.93077
Spain,2002,0.84894
Svalbard and Jan Mayen Islands,2002,0.88028
Sweden,2002,0.99308
Switzerland,2002,0.97265
Ukraine,2002,0.93226
United Kingdom of Great Britain and Northern Ireland,2002,0.9639
Åland Islands,2002,0.99292
Albania,2002,0.88337
Andorra,2002,0.91285
Austria,2002,0.89446
Belarus,2002,0.94918
Belgium,2002,0.98169
Bosnia and Herzegovina,2002,0.89921
Bulgaria,2002,0.93586
Croatia,2002,0.8966
Czechia,2002,0.9689
Denmark,2002,0.97575
Estonia,2002,0.98673
Faroe Islands,2002,0.87417
Finland,2002,0.991
France,2002,0.90902
Germany,2002,0.98157
Gibraltar,2002,0.95098
Greece,2002,0.8398
Holy See,2002,0.93349
Hungary,2002,0.86331
Iceland,2002,0.87229
Ireland,2002,0.91796
Italy,2002,0.90314
Latvia,2002,0.98904
Liechtenstein,2002,0.99069
Lithuania,2002,0.98877
Luxembourg,2002,0.9835
Malta,2002,0.87589
Monaco,2003,0.75587
Montenegro,2003,0.84635
Netherlands,2003,0.96282
North Macedonia,2003,0.96928
Norway,2003,0.95543
Poland,2003,0.95349
Portugal,2003,0.87172
Republic of Moldova,2003,0.94139
Romania,2003,0.86377
Russian Federation,2003,0.95587
San Marino,2003,0.98445
Serbia,2003,0.94921
Slovakia,2003,0.95129
Slovenia,2003,0.93063
Spain,2003,0.8487
Svalbard and Jan Mayen Islands,2003,0.87662
Sweden,2003,0.99307
Switzerland,2003,0.97264
Ukraine,2003,0.93237
United Kingdom of Great Britain and Northern Ireland,2003,0.96361
Åland Islands,2003,0.99292
Albania,2003,0.88093
Andorra,2003,0.91239
Austria,2003,0.89447
Belarus,2003,0.95043
Belgium,2003,0.98175
Bosnia and Herzegovina,2003,0.89917
Bulgaria,2003,0.9356
Croatia,2003,0.89635
Czechia,2003,0.96896
Denmark,2003,0.97564
Estonia,2003,0.98664
Faroe Islands,2003,0.87319
Finland,2003,0.99097
France,2003,0.90391
Germany,2003,0.98153
Gibraltar,2003,0.95075
Greece,2003,0.84034
Holy See,2003,0.93345
Hungary,2003,0.86336
Iceland,2003,0.87175
Ireland,2003,0.91738
Italy,2003,0.90279
Latvia,2003,0.989
Liechtenstein,2003,0.99066
Lithuania,2003,0.98873
Luxembourg,2003,0.98356
Malta,2003,0.8743
Monaco,2004,0.75628
Montenegro,2004,0.84438
Netherlands,2004,0.96156
North Macedonia,2004,0.96927
Norway,2004,0.95507
Poland,2004,0.95451
Portugal,2004,0.8708
Republic of Moldova,2004,0.94144
Romania,2004,0.86377
Russian Federation,2004,0.95551
San Marino,2004,0.98442
Serbia,2004,0.9497
Slovakia,2004,0.95129
Slovenia,2004,0.93046
Spain,2004,0.84862
Svalbard and Jan Mayen Islands,2004,0.87376
Sweden,2004,0.99304
Switzerland,2004,0.97262
Ukraine,2004,0.93249
United Kingdom of Great Britain and Northern Ireland,2004,0.96322
Åland Islands,2004,0.99292
Albania,2004,0.87837
Andorra,2004,0.9121
Austria,2004,0.89449
Belarus,2004,0.95163
Belgium,2004,0.98183
Bosnia and Herzegovina,2004,0.89917
Bulgaria,2004,0.93558
Croatia,2004,0.89609
Czechia,2004,0.969
Denmark,2004,0.97553
Estonia,2004,0.98655
Faroe Islands,2004,0.8726
Finland,2004,0.99093
France,2004,0.89984
Germany,2004,0.98149
Gibraltar,2004,0.95026
Greece,2004,0.84107
Holy See,2004,0.93341
Hungary,2004,0.86338
Iceland,2004,0.8712
Ireland,2004,0.9166
Italy,2004,0.90256
Latvia,2004,0.98896
Liechtenstein,2004,0.99065
Lithuania,2004,0.98868
Luxembourg,2004,0.98361
Malta,2004,0.87242
Monaco,2005,0.75638
Montenegro,2005,0.84191
Netherlands,2005,0.95985
North Macedonia,2005,0.96927
Norway,2005,0.95477
Poland,2005,0.95558
Portugal,2005,0.87017
Republic of Moldova,2005,0.94164
Romania,2005,0.86381
Russian Federation,2005,0.9552
San Marino,2005,0.98442
Serbia,2005,0.95055
Slovakia,2005,0.95134
Slovenia,2005,0.93034
Spain,2005,0.84851
Svalbard and Jan Mayen Islands,2005,0.87127
Sweden,2005,0.993
Switzerland,2005,0.9726
Ukraine,2005,0.93271
United Kingdom of Great Britain and Northern Ireland,2005,0.96321
Åland Islands,2005,0.9925
Albania,2005,0.87644
Andorra,2005,0.91199
Austria,2005,0.89449
Belarus,2005,0.95284
Belgium,2005,0.98193
Bosnia and Herzegovina,2005,0.8992
Bulgaria,2005,0.93557
Croatia,2005,0.89603
Czechia,2005,0.9691
Denmark,2005,0.97552
Estonia,2005,0.98647
Faroe Islands,2005,0.87292
Finland,2005,0.99083
France,2005,0.89632
Germany,2005,0.9815
Gibraltar,2005,0.94997
Greece,2005,0.84162
Holy See,2005,0.93341
Hungary,2005,0.86345
Iceland,2005,0.87238
Ireland,2005,0.91689
Italy,2005,0.90236
Latvia,2005,0.98891
Liechtenstein,2005,0.99066
Lithuania,2005,0.98868
Luxembourg,2005,0.98367
Malta,2005,0.87226
Monaco,2006,0.75651
Montenegro,2006,0.84001
Netherlands,2006,0.95855
North Macedonia,2006,0.96926
Norway,2006,0.95452
Poland,2006,0.95663
Portugal,2006,0.86933
Republic of Moldova,2006,0.94187
Romania,2006,0.86384
Russian Federation,2006,0.95479
San Marino,2006,0.98442
Serbia,2006,0.95103
Slovakia,2006,0.95137
Slovenia,2006,0.93021
Spain,2006,0.84852
Svalbard and Jan Mayen Islands,2006,0.86908
Sweden,2006,0.99293
Switzerland,2006,0.97261
Ukraine,2006,0.93292
United Kingdom of Great Britain and Northern Ireland,2006,0.96318
Åland Islands,2006,0.99208
Albania,2006,0.87437
Andorra,2006,0.91188
Austria,2006,0.89453
Belarus,2006,0.95408
Belgium,2006,0.982
Bosnia and Herzegovina,2006,0.89922
Bulgaria,2006,0.93556
Croatia,2006,0.89597
Czechia,2006,0.96921
Denmark,2006,0.97548
Estonia,2006,0.9864
Faroe Islands,2006,0.87302
Finland,2006,0.99073
France,2006,0.89137
Germany,2006,0.9815
Gibraltar,2006,0.94948
Greece,2006,0.84204
Holy See,2006,0.93341
Hungary,2006,0.86351
Iceland,2006,0.87447
Ireland,2006,0.91671
Italy,2006,0.90202
Latvia,2006,0.98887
Liechtenstein,2006,0.99068
Lithuania,2006,0.98867
Luxembourg,2006,0.98372
Malta,2006,0.87211
Monaco,2007,0.7564
Montenegro,2007,0.83671
Netherlands,2007,0.9573
North Macedonia,2007,0.96926
Norway,2007,0.95444
Poland,2007,0.95771
Portugal,2007,0.86902
Republic of Moldova,2007,0.94211
Romania,2007,0.86389
Russian Federation,2007,0.95432
San Marino,2007,0.98445
Serbia,2007,0.95107
Slovakia,2007,0.95141
Slovenia,2007,0.93006
Spain,2007,0.84851
Svalbard and Jan Mayen Islands,2007,0.867
Sweden,2007,0.99288
Switzerland,2007,0.97261
Ukraine,2007,0.93318
United Kingdom of Great Britain and Northern Ireland,2007,0.96316
Åland Islands,2007,0.99165
Albania,2007,0.8722
Andorra,2007,0.91182
Austria,2007,0.89456
Belarus,2007,0.95533
Belgium,2007,0.98213
Bosnia and Herzegovina,2007,0.89927
Bulgaria,2007,0.93556
Croatia,2007,0.89594
Czechia,2007,0.96932
Denmark,2007,0.97551
Estonia,2007,0.98633
Faroe Islands,2007,0.87374
Finland,2007,0.99063
France,2007,0.88615
Germany,2007,0.98154
Gibraltar,2007,0.94873
Greece,2007,0.84216
Holy See,2007,0.93341
Hungary,2007,0.86362
Iceland,2007,0.8753
Ireland,2007,0.91737
Italy,2007,0.90181
Latvia,2007,0.98883
Liechtenstein,2007,0.9907
Lithuania,2007,0.98867
Luxembourg,2007,0.98378
Malta,2007,0.87226
Monaco,2008,0.7564
Montenegro,2008,0.83421
Netherlands,2008,0.95594
North Macedonia,2008,0.96926
Norway,2008,0.9543
Poland,2008,0.95878
Portugal,2008,0.8689
Republic of Moldova,2008,0.94258
Romania,2008,0.86397
Russian Federation,2008,0.95403
San Marino,2008,0.98448
Serbia,2008,0.95113
Slovakia,2008,0.95152
Slovenia,2008,0.92991
Spain,2008,0.84849
Svalbard and Jan Mayen Islands,2008,0.86616
Sweden,2008,0.99282
Switzerland,2008,0.9726
Ukraine,2008,0.93352
United Kingdom of Great Britain and Northern Ireland,2008,0.96328
Åland Islands,2008,0.99123
Albania,2008,0.86934
Andorra,2008,0.91178
Austria,2008,0.8946
Belarus,2008,0.95658
Belgium,2008,0.98226
Bosnia and Herzegovina,2008,0.89931
Bulgaria,2008,0.93556
Croatia,2008,0.89593
Czechia,2008,0.96942
Denmark,2008,0.97559
Estonia,2008,0.98626
Faroe Islands,2008,0.8733
Finland,2008,0.99052
France,2008,0.88204
Germany,2008,0.98156
Gibraltar,2008,0.94806
Greece,2008,0.84233
Holy See,2008,0.93341
Hungary,2008,0.86371
Iceland,2008,0.8765
Ireland,2008,0.91803
Italy,2008,0.9015
Latvia,2008,0.98882
Liechtenstein,2008,0.99072
Lithuania,2008,0.98867
Luxembourg,2008,0.98383
Malta,2008,0.87242
Monaco,2009,0.7564
Montenegro,2009,0.83218
Netherlands,2009,0.95481
North Macedonia,2009,0.96927
Norway,2009,0.9542
Poland,2009,0.95947
Portugal,2009,0.86907
Republic of Moldova,2009,0.94259
Romania,2009,0.86402
Russian Federation,2009,0.95363
San Marino,2009,0.98456
Serbia,2009,0.95116
Slovakia,2009,0.95154
Slovenia,2009,0.92976
Spain,2009,0.84857
Svalbard and Jan Mayen Islands,2009,0.86552
Sweden,2009,0.99278
Switzerland,2009,0.97259
Ukraine,2009,0.93379
United Kingdom of Great Britain and Northern Ireland,2009,0.96343
Åland Islands,2009,0.99081
Albania,2009,0.86613
Andorra,2009,0.91177
Austria,2009,0.89461
Belarus,2009,0.95752
Belgium,2009,0.98233
Bosnia and Herzegovina,2009,0.89935
Bulgaria,2009,0.93555
Croatia,2009,0.8959
Czechia,2009,0.96948
Denmark,2009,0.97559
Estonia,2009,0.98624
Faroe Islands,2009,0.87374
Finland,2009,0.99045
France,2009,0.8787
Germany,2009,0.9816
Gibraltar,2009,0.94741
Greece,2009,0.84244
Holy See,2009,0.93348
Hungary,2009,0.86378
Iceland,2009,0.87708
Ireland,2009,0.91821
Italy,2009,0.90125
Latvia,2009,0.98882
Liechtenstein,2009,0.99074
Lithuania,2009,0.98872
Luxembourg,2009,0.98386
Malta,2009,0.87242
Monaco,2010,0.7564
Montenegro,2010,0.82841
Netherlands,2010,0.9533
North Macedonia,2010,0.96929
Norway,2010,0.95404
Poland,2010,0.96066
Portugal,2010,0.86954
Republic of Moldova,2010,0.94295
Romania,2010,0.8641
Russian Federation,2010,0.95332
San Marino,2010,0.98465
Serbia,2010,0.95119
Slovakia,2010,0.9516
Slovenia,2010,0.92961
Spain,2010,0.84849
Svalbard and Jan Mayen Islands,2010,0.86556
Sweden,2010,0.99276
Switzerland,2010,0.97259
Ukraine,2010,0.93397
United Kingdom of Great Britain and Northern Ireland,2010,0.96355
Åland Islands,2010,0.99039
Albania,2010,0.86343
Andorra,2010,0.91174
Austria,2010,0.89463
Belarus,2010,0.9585
Belgium,2010,0.98247
Bosnia and Herzegovina,2010,0.89938
Bulgaria,2010,0.93555
Croatia,2010,0.89587
Czechia,2010,0.9696
Denmark,2010,0.97563
Estonia,2010,0.98622
Faroe Islands,2010,0.874
Finland,2010,0.99038
France,2010,0.87557
Germany,2010,0.98164
Gibraltar,2010,0.94648
Greece,2010,0.84251
Holy See,2010,0.93356
Hungary,2010,0.86384
Iceland,2010,0.87808
Ireland,2010,0.91874
Italy,2010,0.90096
Latvia,2010,0.98882
Liechtenstein,2010,0.99075
Lithuania,2010,0.98877
Luxembourg,2010,0.98388
Malta,2010,0.87242
Monaco,2011,0.7564
Montenegro,2011,0.8263
Netherlands,2011,0.9522
North Macedonia,2011,0.9693
Norway,2011,0.95369
Poland,2011,0.9617
Portugal,2011,0.87005
Republic of Moldova,2011,0.94318
Romania,2011,0.86418
Russian Federation,2011,0.95309
San Marino,2011,0.98476
Serbia,2011,0.95124
Slovakia,2011,0.95166
Slovenia,2011,0.92945
Spain,2011,0.8485
Svalbard and Jan Mayen Islands,2011,0.86491
Sweden,2011,0.99271
Switzerland,2011,0.97257
Ukraine,2011,0.93425
United Kingdom of Great Britain and Northern Ireland,2011,0.96344
Åland Islands,2011,0.98997
Albania,2011,0.86043
Andorra,2011,0.91172
Austria,2011,0.89466
Belarus,2011,0.96001
Belgium,2011,0.98257
Bosnia and Herzegovina,2011,0.89941
Bulgaria,2011,0.93555
Croatia,2011,0.89585
Czechia,2011,0.96968
Denmark,2011,0.97561
Estonia,2011,0.98619
Faroe Islands,2011,0.87597
Finland,2011,0.99031
France,2011,0.87219
Germany,2011,0.98167
Gibraltar,2011,0.94572
Greece,2011,0.84238
Holy See,2011,0.93364
Hungary,2011,0.86392
Iceland,2011,0.87685
Ireland,2011,0.91882
Italy,2011,0.90064
Latvia,2011,0.98882
Liechtenstein,2011,0.99077
Lithuania,2011,0.98883
Luxembourg,2011,0.98395
Malta,2011,0.87242
Monaco,2012,0.75548
Montenegro,2012,0.82357
Netherlands,2012,0.95066
North Macedonia,2012,0.9693
Norway,2012,0.95257
Poland,2012,0.9629
Portugal,2012,0.87039
Republic of Moldova,2012,0.94345
Romania,2012,0.86425
Russian Federation,2012,0.95283
San Marino,2012,0.98484
Serbia,2012,0.95127
Slovakia,2012,0.95173
Slovenia,2012,0.92934
Spain,2012,0.8485
Svalbard and Jan Mayen Islands,2012,0.86348
Sweden,2012,0.99269
Switzerland,2012,0.97258
Ukraine,2012,0.93447
United Kingdom of Great Britain and Northern Ireland,2012,0.96315
Åland Islands,2012,0.98955
Albania,2012,0.85846
Andorra,2012,0.91167
Austria,2012,0.8947
Belarus,2012,0.96157
Belgium,2012,0.9827
Bosnia and Herzegovina,2012,0.89946
Bulgaria,2012,0.93555
Croatia,2012,0.89583
Czechia,2012,0.96978
Denmark,2012,0.97539
Estonia,2012,0.98617
Faroe Islands,2012,0.87528
Finland,2012,0.99024
France,2012,0.86891
Germany,2012,0.9817
Gibraltar,2012,0.94452
Greece,2012,0.84176
Holy See,2012,0.93372
Hungary,2012,0.864
Iceland,2012,0.87497
Ireland,2012,0.91878
Italy,2012,0.90028
Latvia,2012,0.98882
Liechtenstein,2012,0.99079
Lithuania,2012,0.98886
Luxembourg,2012,0.98404
Malta,2012,0.87242
Monaco,2013,0.7552
Montenegro,2013,0.82111
Netherlands,2013,0.94949
North Macedonia,2013,0.9693
Norway,2013,0.95132
Poland,2013,0.96415
Portugal,2013,0.86999
Republic of Moldova,2013,0.94373
Romania,2013,0.8643
Russian Federation,2013,0.95268
San Marino,2013,0.98488
Serbia,2013,0.95131
Slovakia,2013,0.95181
Slovenia,2013,0.92911
Spain,2013,0.8484
Svalbard and Jan Mayen Islands,2013,0.8605
Sweden,2013,0.99259
Switzerland,2013,0.97257
Ukraine,2013,0.93468
United Kingdom of Great Britain and Northern Ireland,2013,0.96274
Åland Islands,2013,0.98896
Albania,2013,0.85619
Andorra,2013,0.91163
Austria,2013,0.89473
Belarus,2013,0.96276
Belgium,2013,0.98283
Bosnia and Herzegovina,2013,0.89949
Bulgaria,2013,0.93555
Croatia,2013,0.89581
Czechia,2013,0.96991
Denmark,2013,0.97518
Estonia,2013,0.98601
Faroe Islands,2013,0.8755
Finland,2013,0.99017
France,2013,0.86525
Germany,2013,0.98171
Gibraltar,2013,0.94297
Greece,2013,0.84105
Holy See,2013,0.93372
Hungary,2013,0.86407
Iceland,2013,0.87142
Ireland,2013,0.91796
Italy,2013,0.89968
Latvia,2013,0.98878
Liechtenstein,2013,0.99082
Lithuania,2013,0.98886
Luxembourg,2013,0.98415
Malta,2013,0.87242
Monaco,2014,0.75453
Montenegro,2014,0.81781
Netherlands,2014,0.94768
North Macedonia,2014,0.96931
Norway,2014,0.95003
Poland,2014,0.9653
Portugal,2014,0.86941
Republic of Moldova,2014,0.94393
Romania,2014,0.86435
Russian Federation,2014,0.95249
San Marino,2014,0.9849
Serbia,2014,0.95134
Slovakia,2014,0.95186
Slovenia,2014,0.92897
Spain,2014,0.84825
Svalbard and Jan Mayen Islands,2014,0.85679
Sweden,2014,0.99248
Switzerland,2014,0.97258
Ukraine,2014,0.9349
United Kingdom of Great Britain and Northern Ireland,2014,0.96241
Åland Islands,2014,0.98836
Albania,2014,0.85337
Andorra,2014,0.91159
Austria,2014,0.89476
Belarus,2014,0.96402
Belgium,2014,0.98295
Bosnia and Herzegovina,2014,0.89951
Bulgaria,2014,0.93554
Croatia,2014,0.89576
Czechia,2014,0.97002
Denmark,2014,0.97468
Estonia,2014,0.98585
Faroe Islands,2014,0.87251
Finland,2014,0.99011
France,2014,0.86145
Germany,2014,0.9817
Gibraltar,2014,0.94194
Greece,2014,0.84012
Holy See,2014,0.93372
Hungary,2014,0.86412
Iceland,2014,0.86953
Ireland,2014,0.9166
Italy,2014,0.89913
Latvia,2014,0.9887
Liechtenstein,2014,0.99084
Lithuania,2014,0.98886
Luxembourg,2014,0.98425
Malta,2014,0.87242
Monaco,2015,0.75362
Montenegro,2015,0.81603
Netherlands,2015,0.94663
North Macedonia,2015,0.9693
Norway,2015,0.9488
Poland,2015,0.96653
Portugal,2015,0.86874
Republic of Moldova,2015,0.94421
Romania,2015,0.86439
Russian Federation,2015,0.95242
San Marino,2015,0.98492
Serbia,2015,0.95137
Slovakia,2015,0.95193
Slovenia,2015,0.92886
Spain,2015,0.84812
Svalbard and Jan Mayen Islands,2015,0.85296
Sweden,2015,0.99239
Switzerland,2015,0.97258
Ukraine,2015,0.93519
United Kingdom of Great Britain and Northern Ireland,2015,0.96202
Åland Islands,2015,0.98777
Albania,2015,0.85116
Andorra,2015,0.9115
Austria,2015,0.89481
Belarus,2015,0.96531
Belgium,2015,0.98303
Bosnia and Herzegovina,2015,0.89954
Bulgaria,2015,0.93554
Croatia,2015,0.89575
Czechia,2015,0.97014
Denmark,2015,0.9741
Estonia,2015,0.98569
Faroe Islands,2015,0.87117
Finland,2015,0.99005
France,2015,0.8574
Germany,2015,0.98169
Gibraltar,2015,0.94044
Greece,2015,0.83915
Holy See,2015,0.93372
Hungary,2015,0.86417
Iceland,2015,0.86705
Ireland,2015,0.9159
Italy,2015,0.89857
Latvia,2015,0.98861
Liechtenstein,2015,0.99087
Lithuania,2015,0.98885
Luxembourg,2015,0.98435
Malta,2015,0.87242
Monaco,2016,0.7527
Montenegro,2016,0.81357
Netherlands,2016,0.94449
North Macedonia,2016,0.9693
Norway,2016,0.94818
Poland,2016,0.96739
Portugal,2016,0.86802
Republic of Moldova,2016,0.9445
Romania,2016,0.86443
Russian Federation,2016,0.95217
San Marino,2016,0.98494
Serbia,2016,0.9514
Slovakia,2016,0.95199
Slovenia,2016,0.92868
Spain,2016,0.8479
Svalbard and Jan Mayen Islands,2016,0.85125
Sweden,2016,0.9923
Switzerland,2016,0.97256
Ukraine,2016,0.93528
United Kingdom of Great Britain and Northern Ireland,2016,0.96189
Åland Islands,2016,0.98717
Albania,2016,0.84864
Andorra,2016,0.91133
Austria,2016,0.89484
Belarus,2016,0.96682
Belgium,2016,0.98313
Bosnia and Herzegovina,2016,0.89958
Bulgaria,2016,0.93553
Croatia,2016,0.89566
Czechia,2016,0.97025
Denmark,2016,0.97407
Estonia,2016,0.98553
Faroe Islands,2016,0.87214
Finland,2016,0.98998
France,2016,0.85364
Germany,2016,0.98168
Gibraltar,2016,0.93907
Greece,2016,0.83838
Holy See,2016,0.93372
Hungary,2016,0.86426
Iceland,2016,0.86601
Ireland,2016,0.91547
Italy,2016,0.89777
Latvia,2016,0.98853
Liechtenstein,2016,0.99089
Lithuania,2016,0.98884
Luxembourg,2016,0.98445
Malta,2016,0.87242
Monaco,2017,0.75208
Montenegro,2017,0.81007
Netherlands,2017,0.9431
North Macedonia,2017,0.96929
Norway,2017,0.94789
Poland,2017,0.96887
Portugal,2017,0.86686
Republic of Moldova,2017,0.94464
Romania,2017,0.86447
Russian Federation,2017,0.95213
San Marino,2017,0.98495
Serbia,2017,0.95142
Slovakia,2017,0.95204
Slovenia,2017,0.92858
Spain,2017,0.84769
Svalbard and Jan Mayen Islands,2017,0.84918
Sweden,2017,0.99229
Switzerland,2017,0.97257
Ukraine,2017,0.93553
United Kingdom of Great Britain and Northern Ireland,2017,0.96171
Åland Islands,2017,0.98717
Albania,2017,0.84674
Andorra,2017,0.91117
Austria,2017,0.89488
Belarus,2017,0.96793
Belgium,2017,0.9832
Bosnia and Herzegovina,2017,0.89962
Bulgaria,2017,0.93552
Croatia,2017,0.89564
Czechia,2017,0.97036
Denmark,2017,0.97396
Estonia,2017,0.98553
Faroe Islands,2017,0.87081
Finland,2017,0.98998
France,2017,0.84995
Germany,2017,0.9817
Gibraltar,2017,0.9373
Greece,2017,0.83741
Holy See,2017,0.93372
Hungary,2017,0.86432
Iceland,2017,0.86534
Ireland,2017,0.91511
Italy,2017,0.89708
Latvia,2017,0.98853
Liechtenstein,2017,0.99091
Lithuania,2017,0.98884
Luxembourg,2017,0.98457
Malta,2017,0.87242
Monaco,2018,0.75147
Montenegro,2018,0.80796
Netherlands,2018,0.94182
North Macedonia,2018,0.96929
Norway,2018,0.94764
Poland,2018,0.97016
Portugal,2018,0.86632
Republic of Moldova,2018,0.94497
Romania,2018,0.8645
Russian Federation,2018,0.952
San Marino,2018,0.98497
Serbia,2018,0.95145
Slovakia,2018,0.9521
Slovenia,2018,0.92834
Spain,2018,0.84731
Svalbard and Jan Mayen Islands,2018,0.8491
Sweden,2018,0.99229
Switzerland,2018,0.97257
Ukraine,2018,0.93564
United Kingdom of Great Britain and Northern Ireland,2018,0.96168
Åland Islands,2018,0.98717
Albania,2018,0.84299
Andorra,2018,0.9109
Austria,2018,0.89491
Belarus,2018,0.96943
Belgium,2018,0.98333
Bosnia and Herzegovina,2018,0.89966
Bulgaria,2018,0.93552
Croatia,2018,0.89563
Czechia,2018,0.97044
Denmark,2018,0.97392
Estonia,2018,0.98553
Faroe Islands,2018,0.87072
Finland,2018,0.98998
France,2018,0.84694
Germany,2018,0.98173
Gibraltar,2018,0.93583
Greece,2018,0.83634
Holy See,2018,0.93372
Hungary,2018,0.86436
Iceland,2018,0.86515
Ireland,2018,0.91509
Italy,2018,0.89646
Latvia,2018,0.98853
Liechtenstein,2018,0.99093
Lithuania,2018,0.98884
Luxembourg,2018,0.98467
Malta,2018,0.87242
Monaco,2019,0.75086
Montenegro,2019,0.80535
Netherlands,2019,0.94029
North Macedonia,2019,0.96929
Norway,2019,0.94752
Poland,2019,0.97088
Portugal,2019,0.86568
Republic of Moldova,2019,0.94526
Romania,2019,0.86455
Russian Federation,2019,0.95195
San Marino,2019,0.98498
Serbia,2019,0.95148
Slovakia,2019,0.95217
Slovenia,2019,0.9282
Spain,2019,0.84686
Svalbard and Jan Mayen Islands,2019,0.8497
Sweden,2019,0.99229
Switzerland,2019,0.97259
Ukraine,2019,0.93581
United Kingdom of Great Britain and Northern Ireland,2019,0.96166
Åland Islands,2019,0.98717
Albania,2019,0.84087
Andorra,2019,0.91067
Austria,2019,0.89495
Belarus,2019,0.97085
Belgium,2019,0.98349
Bosnia and Herzegovina,2019,0.8997
Bulgaria,2019,0.93551
Croatia,2019,0.89558
Czechia,2019,0.97054
Denmark,2019,0.97395
Estonia,2019,0.98553
Faroe Islands,2019,0.87066
Finland,2019,0.98998
France,2019,0.84299
Germany,2019,0.98176
Gibraltar,2019,0.93414
Greece,2019,0.83543
Holy See,2019,0.93372
Hungary,2019,0.86442
Iceland,2019,0.86531
Ireland,2019,0.91528
Italy,2019,0.89573
Latvia,2019,0.98853
Liechtenstein,2019,0.99095
Lithuania,2019,0.98884
Luxembourg,2019,0.98478
Malta,2019,0.87242
Monaco,2020,0.75025
Montenegro,2020,0.80278
Netherlands,2020,0.9391
North Macedonia,2020,0.96929
Norway,2020,0.94744
Poland,2020,0.97241
Portugal,2020,0.86484
Republic of Moldova,2020,0.94541
Romania,2020,0.86456
Russian Federation,2020,0.95189
San Marino,2020,0.985
Serbia,2020,0.95152
Slovakia,2020,0.95222
Slovenia,2020,0.92805
Spain,2020,0.84661
Svalbard and Jan Mayen Islands,2020,0.84981
Sweden,2020,0.9923
Switzerland,2020,0.97257
Ukraine,2020,0.93597
United Kingdom of Great Britain and Northern Ireland,2020,0.96174
Åland Islands,2020,0.98717
Albania,2020,0.83833
Andorra,2020,0.91043
Austria,2020,0.89498
Belarus,2020,0.97203
Belgium,2020,0.98367
Bosnia and Herzegovina,2020,0.89973
Bulgaria,2020,0.93551
Croatia,2020,0.89554
Czechia,2020,0.97063
Denmark,2020,0.97401
Estonia,2020,0.98553
Faroe Islands,2020,0.87072
Finland,2020,0.98998
France,2020,0.83907
Germany,2020,0.98179
Gibraltar,2020,0.93263
Greece,2020,0.83502
Holy See,2020,0.93372
Hungary,2020,0.86448
Iceland,2020,0.86549
Ireland,2020,0.91542
Italy,2020,0.89481
Latvia,2020,0.98853
Liechtenstein,2020,0.99098
Lithuania,2020,0.98884
Luxembourg,2020,0.98491
Malta,2020,0.87242
Monaco,2021,0.74952
Montenegro,2021,0.79979
Netherlands,2021,0.93778
North Macedonia,2021,0.96928
Norway,2021,0.94741
Poland,2021,0.97318
Portugal,2021,0.86369
Republic of Moldova,2021,0.94564
Romania,2021,0.8646
Russian Federation,2021,0.95176
San Marino,2021,0.98501
Serbia,2021,0.95155
Slovakia,2021,0.95228
Slovenia,2021,0.92797
Spain,2021,0.84621
Svalbard and Jan Mayen Islands,2021,0.8501
Sweden,2021,0.9923
Switzerland,2021,0.97257
Ukraine,2021,0.9362
United Kingdom of Great Britain and Northern Ireland,2021,0.96172
Åland Islands,2021,0.98717
Albania,2021,0.8354
Andorra,2021,0.91016
Austria,2021,0.89502
Belarus,2021,0.97305
Belgium,2021,0.98374
Bosnia and Herzegovina,2021,0.89975
Bulgaria,2021,0.93551
Croatia,2021,0.89552
Czechia,2021,0.97076
Denmark,2021,0.97406
Estonia,2021,0.98553
Faroe Islands,2021,0.87213
Finland,2021,0.98998
France,2021,0.83641
Germany,2021,0.98183
Gibraltar,2021,0.93148
Greece,2021,0.8341
Holy See,2021,0.93372
Hungary,2021,0.86455
Iceland,2021,0.86552
Ireland,2021,0.9154
Italy,2021,0.89438
Latvia,2021,0.98853
Liechtenstein,2021,0.991
Lithuania,2021,0.98884
Luxembourg,2021,0.98504
Malta,2021,0.87242
Eastern Europe,1993,0.931491
Eastern Europe,1994,0.93158
Eastern Europe,1995,0.9315899999999999
Eastern Europe,1996,0.931451
Eastern Europe,1997,0.9313459999999999
Eastern Europe,1998,0.931208
Eastern Europe,1999,0.931129
Eastern Europe,2000,0.931211
Eastern Europe,2001,0.931383
Eastern Europe,2002,0.9314709999999999
Eastern Europe,2003,0.9316530000000001
Eastern Europe,2004,0.93186
Eastern Europe,2005,0.932124
Eastern Europe,2006,0.9323779999999999
Eastern Europe,2007,0.932645
Eastern Europe,2008,0.932967
Eastern Europe,2009,0.933137
Eastern Europe,2010,0.9334089999999999
Eastern Europe,2011,0.933722
Eastern Europe,2012,0.9340529999999999
Eastern Europe,2013,0.9343640000000001
Eastern Europe,2014,0.934653
Eastern Europe,2015,0.9349830000000001
Eastern Europe,2016,0.935262
Eastern Europe,2017,0.935581
Eastern Europe,2018,0.9359120000000001
Eastern Europe,2019,0.9361940000000001
Eastern Europe,2020,0.936511
Eastern Europe,2021,0.9367530000000001
Northern Europe,1993,0.9561461538461539
Northern Europe,1994,0.9561484615384616
Northern Europe,1995,0.9558769230769231
Northern Europe,1996,0.955473076923077
Northern Europe,1997,0.9551307692307692
Northern Europe,1998,0.95453
Northern Europe,1999,0.9538253846153846
Northern Europe,2000,0.9533146153846155
Northern Europe,2001,0.9529076923076923
Northern Europe,2002,0.9524484615384616
Northern Europe,2003,0.9519192307692308
Northern Europe,2004,0.9514661538461537
Northern Europe,2005,0.9513346153846154
Northern Europe,2006,0.9512415384615385
Northern Europe,2007,0.951193076923077
Northern Europe,2008,0.9511907692307692
Northern Europe,2009,0.9511992307692307
Northern Europe,2010,0.9513030769230769
Northern Europe,2011,0.9512400000000001
Northern Europe,2012,0.9507653846153846
Northern Europe,2013,0.9499992307692308
Northern Europe,2014,0.9489930769230769
Northern Europe,2015,0.9481046153846153
Northern Europe,2016,0.9477969230769231
Northern Europe,2017,0.9474107692307693
Northern Europe,2018,0.9473569230769231
Northern Europe,2019,0.9474169230769232
Northern Europe,2020,0.9474600000000001
Northern Europe,2021,0.9475915384615384
Southern Europe,1993,0.91377125
Southern Europe,1994,0.913151875
Southern Europe,1995,0.912319375
Southern Europe,1996,0.91138625
Southern Europe,1997,0.9103975
Southern Europe,1998,0.909450625
Southern Europe,1999,0.9086075
Southern Europe,2000,0.907684375
Southern Europe,2001,0.90699
Southern Europe,2002,0.906268125
Southern Europe,2003,0.905675625
Southern Europe,2004,0.90519375
Southern Europe,2005,0.904903125
Southern Europe,2006,0.90458
Southern Europe,2007,0.9041675
Southern Europe,2008,0.90377875
Southern Europe,2009,0.90342
Southern Europe,2010,0.902970625
Southern Europe,2011,0.902613125
Southern Europe,2012,0.902208125
Southern Europe,2013,0.90169125
Southern Europe,2014,0.901096875
Southern Europe,2015,0.900599375
Southern Europe,2016,0.90002375
Southern Europe,2017,0.8993725
Southern Europe,2018,0.898724375
Southern Europe,2019,0.89813125
Southern Europe,2020,0.897545
Southern Europe,2021,0.896901875
Western Europe,1993,0.9418633333333334
Western Europe,1994,0.9417677777777776
Western Europe,1995,0.9414488888888888
Western Europe,1996,0.9410222222222223
Western Europe,1997,0.9403422222222222
Western Europe,1998,0.9396677777777778
Western Europe,1999,0.9389466666666668
Western Europe,2000,0.9381533333333333
Western Europe,2001,0.9376766666666667
Western Europe,2002,0.9370988888888889
Western Europe,2003,0.9363566666666667
Western Europe,2004,0.935818888888889
Western Europe,2005,0.9352666666666667
Western Europe,2006,0.9346077777777777
Western Europe,2007,0.9339077777777778
Western Europe,2008,0.9333277777777779
Western Europe,2009,0.932848888888889
Western Europe,2010,0.932358888888889
Western Europe,2011,0.9318866666666666
Western Europe,2012,0.9312844444444445
Western Europe,2013,0.93075
Western Europe,2014,0.9300822222222221
Western Europe,2015,0.9294422222222222
Western Europe,2016,0.9287088888888889
Western Europe,2017,0.9281066666666666
Western Europe,2018,0.9275966666666666
Western Europe,2019,0.9269622222222222
Western Europe,2020,0.9263688888888889
Western Europe,2021,0.9258788888888889
